{
    "loss": 0.30457445979118347,
    "accuracy": 0.929801344871521
}