{
    "loss": 0.49690011143684387,
    "accuracy": 0.940397322177887
}